org.springframework.samples.petclinic.model.NamedEntity.toString;org.springframework.samples.petclinic.model.NamedEntity.getName
org.springframework.samples.petclinic.model.ValidatorTests.shouldNotValidateWhenFirstNameEmpty;org.springframework.samples.petclinic.model.Person.Person
org.springframework.samples.petclinic.model.ValidatorTests.shouldNotValidateWhenFirstNameEmpty;org.springframework.samples.petclinic.model.Person.setFirstName
org.springframework.samples.petclinic.model.ValidatorTests.shouldNotValidateWhenFirstNameEmpty;org.springframework.samples.petclinic.model.Person.setLastName
org.springframework.samples.petclinic.owner.PetValidator.validate;org.springframework.samples.petclinic.model.BaseEntity.isNew
org.springframework.samples.petclinic.owner.PetValidator.validate;org.springframework.samples.petclinic.owner.Pet.getType
org.springframework.samples.petclinic.owner.PetValidator.validate;org.springframework.samples.petclinic.owner.Pet.getBirthDate
org.springframework.samples.petclinic.owner.VisitController.loadPetWithVisit;org.springframework.samples.petclinic.owner.Visit.Visit
org.springframework.samples.petclinic.owner.VisitController.loadPetWithVisit;org.springframework.samples.petclinic.owner.Pet.addVisit
org.springframework.samples.petclinic.owner.VisitController.processNewVisitForm;org.springframework.samples.petclinic.owner.Owner.addVisit
org.springframework.samples.petclinic.owner.PetTypeFormatter.print;org.springframework.samples.petclinic.model.NamedEntity.getName
org.springframework.samples.petclinic.owner.PetTypeFormatter.parse;org.springframework.samples.petclinic.model.NamedEntity.getName
org.springframework.samples.petclinic.owner.OwnerController.findOwner;org.springframework.samples.petclinic.owner.Owner.Owner
org.springframework.samples.petclinic.owner.OwnerController.initCreationForm;org.springframework.samples.petclinic.owner.Owner.Owner
org.springframework.samples.petclinic.owner.OwnerController.processCreationForm;org.springframework.samples.petclinic.model.BaseEntity.getId
org.springframework.samples.petclinic.owner.OwnerController.processFindForm;org.springframework.samples.petclinic.model.Person.getLastName
org.springframework.samples.petclinic.owner.OwnerController.processFindForm;org.springframework.samples.petclinic.model.Person.setLastName
org.springframework.samples.petclinic.owner.OwnerController.processFindForm;org.springframework.samples.petclinic.model.BaseEntity.getId
org.springframework.samples.petclinic.owner.OwnerController.processFindForm;org.springframework.samples.petclinic.owner.OwnerController.addPaginationModel
org.springframework.samples.petclinic.owner.OwnerController.processUpdateOwnerForm;org.springframework.samples.petclinic.model.BaseEntity.setId
org.springframework.samples.petclinic.owner.Owner.addPet;org.springframework.samples.petclinic.model.BaseEntity.isNew
org.springframework.samples.petclinic.owner.Owner.addPet;org.springframework.samples.petclinic.owner.Owner.getPets
org.springframework.samples.petclinic.owner.Owner.getPet;org.springframework.samples.petclinic.owner.Owner.getPet
org.springframework.samples.petclinic.owner.Owner.getPet;org.springframework.samples.petclinic.owner.Owner.getPets
org.springframework.samples.petclinic.owner.Owner.getPet;org.springframework.samples.petclinic.model.BaseEntity.isNew
org.springframework.samples.petclinic.owner.Owner.getPet;org.springframework.samples.petclinic.owner.Owner.getPets
org.springframework.samples.petclinic.owner.Owner.getPet;org.springframework.samples.petclinic.model.BaseEntity.isNew
org.springframework.samples.petclinic.owner.Owner.toString;org.springframework.samples.petclinic.model.BaseEntity.getId
org.springframework.samples.petclinic.owner.Owner.toString;org.springframework.samples.petclinic.model.BaseEntity.isNew
org.springframework.samples.petclinic.owner.Owner.toString;org.springframework.samples.petclinic.model.Person.getLastName
org.springframework.samples.petclinic.owner.Owner.toString;org.springframework.samples.petclinic.model.Person.getFirstName
org.springframework.samples.petclinic.owner.Owner.addVisit;org.springframework.samples.petclinic.owner.Pet.addVisit
org.springframework.samples.petclinic.owner.Pet.addVisit;org.springframework.samples.petclinic.owner.Pet.getVisits
org.springframework.samples.petclinic.owner.PetController.findPet;org.springframework.samples.petclinic.owner.Pet.Pet
org.springframework.samples.petclinic.owner.PetController.findPet;org.springframework.samples.petclinic.owner.Owner.getPet
org.springframework.samples.petclinic.owner.PetController.initPetBinder;org.springframework.samples.petclinic.owner.PetValidator.PetValidator
org.springframework.samples.petclinic.owner.PetController.initCreationForm;org.springframework.samples.petclinic.owner.Pet.Pet
org.springframework.samples.petclinic.owner.PetController.initCreationForm;org.springframework.samples.petclinic.owner.Owner.addPet
org.springframework.samples.petclinic.owner.PetController.processCreationForm;org.springframework.samples.petclinic.model.NamedEntity.getName
org.springframework.samples.petclinic.owner.PetController.processCreationForm;org.springframework.samples.petclinic.model.BaseEntity.isNew
org.springframework.samples.petclinic.owner.PetController.processCreationForm;org.springframework.samples.petclinic.model.NamedEntity.getName
org.springframework.samples.petclinic.owner.PetController.processCreationForm;org.springframework.samples.petclinic.owner.Owner.getPet
org.springframework.samples.petclinic.owner.PetController.processCreationForm;org.springframework.samples.petclinic.owner.Owner.addPet
org.springframework.samples.petclinic.owner.PetController.processUpdateForm;org.springframework.samples.petclinic.owner.Owner.addPet
org.springframework.samples.petclinic.owner.PetTypeFormatterTests.setup;org.springframework.samples.petclinic.owner.PetTypeFormatter.PetTypeFormatter
org.springframework.samples.petclinic.owner.PetTypeFormatterTests.testPrint;org.springframework.samples.petclinic.owner.PetType.PetType
org.springframework.samples.petclinic.owner.PetTypeFormatterTests.testPrint;org.springframework.samples.petclinic.model.NamedEntity.setName
org.springframework.samples.petclinic.owner.PetTypeFormatterTests.shouldParse;org.springframework.samples.petclinic.owner.PetTypeFormatterTests.makePetTypes
org.springframework.samples.petclinic.owner.PetTypeFormatterTests.shouldParse;org.springframework.samples.petclinic.model.NamedEntity.getName
org.springframework.samples.petclinic.owner.PetTypeFormatterTests.shouldThrowParseException;org.springframework.samples.petclinic.owner.PetTypeFormatterTests.makePetTypes
org.springframework.samples.petclinic.owner.PetTypeFormatterTests.makePetTypes;org.springframework.samples.petclinic.model.NamedEntity.setName
org.springframework.samples.petclinic.owner.PetTypeFormatterTests.makePetTypes;org.springframework.samples.petclinic.owner.PetTypeFormatterTests.makePetTypes
org.springframework.samples.petclinic.owner.PetTypeFormatterTests.makePetTypes;org.springframework.samples.petclinic.model.NamedEntity.setName
org.springframework.samples.petclinic.owner.PetTypeFormatterTests.makePetTypes;org.springframework.samples.petclinic.owner.PetTypeFormatterTests.makePetTypes
org.springframework.samples.petclinic.owner.OwnerControllerTests.george;org.springframework.samples.petclinic.owner.Owner.Owner
org.springframework.samples.petclinic.owner.OwnerControllerTests.george;org.springframework.samples.petclinic.model.BaseEntity.setId
org.springframework.samples.petclinic.owner.OwnerControllerTests.george;org.springframework.samples.petclinic.model.Person.setFirstName
org.springframework.samples.petclinic.owner.OwnerControllerTests.george;org.springframework.samples.petclinic.model.Person.setLastName
org.springframework.samples.petclinic.owner.OwnerControllerTests.george;org.springframework.samples.petclinic.owner.Owner.setAddress
org.springframework.samples.petclinic.owner.OwnerControllerTests.george;org.springframework.samples.petclinic.owner.Owner.setCity
org.springframework.samples.petclinic.owner.OwnerControllerTests.george;org.springframework.samples.petclinic.owner.Owner.setTelephone
org.springframework.samples.petclinic.owner.OwnerControllerTests.george;org.springframework.samples.petclinic.owner.Pet.Pet
org.springframework.samples.petclinic.owner.OwnerControllerTests.george;org.springframework.samples.petclinic.owner.PetType.PetType
org.springframework.samples.petclinic.owner.OwnerControllerTests.george;org.springframework.samples.petclinic.model.NamedEntity.setName
org.springframework.samples.petclinic.owner.OwnerControllerTests.george;org.springframework.samples.petclinic.owner.Pet.setType
org.springframework.samples.petclinic.owner.OwnerControllerTests.george;org.springframework.samples.petclinic.model.NamedEntity.setName
org.springframework.samples.petclinic.owner.OwnerControllerTests.george;org.springframework.samples.petclinic.owner.Pet.setBirthDate
org.springframework.samples.petclinic.owner.OwnerControllerTests.george;org.springframework.samples.petclinic.owner.Owner.addPet
org.springframework.samples.petclinic.owner.OwnerControllerTests.george;org.springframework.samples.petclinic.model.BaseEntity.setId
org.springframework.samples.petclinic.owner.OwnerControllerTests.setup;org.springframework.samples.petclinic.owner.Visit.Visit
org.springframework.samples.petclinic.owner.OwnerControllerTests.setup;org.springframework.samples.petclinic.owner.Visit.setDate
org.springframework.samples.petclinic.owner.OwnerControllerTests.setup;org.springframework.samples.petclinic.owner.Owner.getPet
org.springframework.samples.petclinic.owner.OwnerControllerTests.setup;org.springframework.samples.petclinic.owner.Pet.getVisits
org.springframework.samples.petclinic.owner.OwnerControllerTests.testProcessFindFormSuccess;org.springframework.samples.petclinic.owner.OwnerControllerTests.george
org.springframework.samples.petclinic.owner.OwnerControllerTests.testProcessFindFormSuccess;org.springframework.samples.petclinic.owner.Owner.Owner
org.springframework.samples.petclinic.owner.OwnerControllerTests.testProcessFindFormByLastName;org.springframework.samples.petclinic.owner.OwnerControllerTests.george
org.springframework.samples.petclinic.owner.OwnerControllerTests.testShowOwner;org.springframework.samples.petclinic.owner.Pet.getVisits
org.springframework.samples.petclinic.owner.OwnerControllerTests.testShowOwner;org.springframework.samples.petclinic.owner.OwnerControllerTests.testShowOwner
org.springframework.samples.petclinic.owner.PetControllerTests.setup;org.springframework.samples.petclinic.owner.PetType.PetType
org.springframework.samples.petclinic.owner.PetControllerTests.setup;org.springframework.samples.petclinic.model.BaseEntity.setId
org.springframework.samples.petclinic.owner.PetControllerTests.setup;org.springframework.samples.petclinic.model.NamedEntity.setName
org.springframework.samples.petclinic.owner.PetControllerTests.setup;org.springframework.samples.petclinic.owner.Owner.Owner
org.springframework.samples.petclinic.owner.PetControllerTests.setup;org.springframework.samples.petclinic.owner.Pet.Pet
org.springframework.samples.petclinic.owner.PetControllerTests.setup;org.springframework.samples.petclinic.owner.Owner.addPet
org.springframework.samples.petclinic.owner.PetControllerTests.setup;org.springframework.samples.petclinic.model.BaseEntity.setId
org.springframework.samples.petclinic.owner.VisitControllerTests.init;org.springframework.samples.petclinic.owner.Owner.Owner
org.springframework.samples.petclinic.owner.VisitControllerTests.init;org.springframework.samples.petclinic.owner.Pet.Pet
org.springframework.samples.petclinic.owner.VisitControllerTests.init;org.springframework.samples.petclinic.owner.Owner.addPet
org.springframework.samples.petclinic.owner.VisitControllerTests.init;org.springframework.samples.petclinic.model.BaseEntity.setId
org.springframework.samples.petclinic.vet.VetController.showVetList;org.springframework.samples.petclinic.vet.Vets.Vets
org.springframework.samples.petclinic.vet.VetController.showVetList;org.springframework.samples.petclinic.vet.Vets.getVetList
org.springframework.samples.petclinic.vet.VetController.showVetList;org.springframework.samples.petclinic.vet.VetController.addPaginationModel
org.springframework.samples.petclinic.vet.VetController.showResourcesVetList;org.springframework.samples.petclinic.vet.Vets.Vets
org.springframework.samples.petclinic.vet.VetController.showResourcesVetList;org.springframework.samples.petclinic.vet.Vets.getVetList
org.springframework.samples.petclinic.vet.Vet.getSpecialties;org.springframework.samples.petclinic.vet.Vet.getSpecialtiesInternal
org.springframework.samples.petclinic.vet.Vet.getNrOfSpecialties;org.springframework.samples.petclinic.vet.Vet.getSpecialtiesInternal
org.springframework.samples.petclinic.vet.Vet.addSpecialty;org.springframework.samples.petclinic.vet.Vet.getSpecialtiesInternal
org.springframework.samples.petclinic.vet.VetControllerTests.james;org.springframework.samples.petclinic.vet.Vet.Vet
org.springframework.samples.petclinic.vet.VetControllerTests.james;org.springframework.samples.petclinic.model.Person.setFirstName
org.springframework.samples.petclinic.vet.VetControllerTests.james;org.springframework.samples.petclinic.model.Person.setLastName
org.springframework.samples.petclinic.vet.VetControllerTests.james;org.springframework.samples.petclinic.model.BaseEntity.setId
org.springframework.samples.petclinic.vet.VetControllerTests.helen;org.springframework.samples.petclinic.vet.Vet.Vet
org.springframework.samples.petclinic.vet.VetControllerTests.helen;org.springframework.samples.petclinic.model.Person.setFirstName
org.springframework.samples.petclinic.vet.VetControllerTests.helen;org.springframework.samples.petclinic.model.Person.setLastName
org.springframework.samples.petclinic.vet.VetControllerTests.helen;org.springframework.samples.petclinic.model.BaseEntity.setId
org.springframework.samples.petclinic.vet.VetControllerTests.helen;org.springframework.samples.petclinic.vet.Specialty.Specialty
org.springframework.samples.petclinic.vet.VetControllerTests.helen;org.springframework.samples.petclinic.model.BaseEntity.setId
org.springframework.samples.petclinic.vet.VetControllerTests.helen;org.springframework.samples.petclinic.model.NamedEntity.setName
org.springframework.samples.petclinic.vet.VetControllerTests.helen;org.springframework.samples.petclinic.vet.Vet.addSpecialty
org.springframework.samples.petclinic.vet.VetControllerTests.setup;org.springframework.samples.petclinic.vet.VetControllerTests.james
org.springframework.samples.petclinic.vet.VetControllerTests.setup;org.springframework.samples.petclinic.vet.VetControllerTests.helen
org.springframework.samples.petclinic.vet.VetControllerTests.setup;org.springframework.samples.petclinic.vet.VetControllerTests.james
org.springframework.samples.petclinic.vet.VetControllerTests.setup;org.springframework.samples.petclinic.vet.VetControllerTests.helen
org.springframework.samples.petclinic.vet.VetTests.testSerialization;org.springframework.samples.petclinic.vet.Vet.Vet
org.springframework.samples.petclinic.vet.VetTests.testSerialization;org.springframework.samples.petclinic.model.Person.setFirstName
org.springframework.samples.petclinic.vet.VetTests.testSerialization;org.springframework.samples.petclinic.model.Person.setLastName
org.springframework.samples.petclinic.vet.VetTests.testSerialization;org.springframework.samples.petclinic.model.BaseEntity.setId
org.springframework.samples.petclinic.vet.VetTests.testSerialization;org.springframework.samples.petclinic.model.Person.getFirstName
org.springframework.samples.petclinic.vet.VetTests.testSerialization;org.springframework.samples.petclinic.model.Person.getFirstName
org.springframework.samples.petclinic.vet.VetTests.testSerialization;org.springframework.samples.petclinic.model.Person.getLastName
org.springframework.samples.petclinic.vet.VetTests.testSerialization;org.springframework.samples.petclinic.model.Person.getLastName
org.springframework.samples.petclinic.vet.VetTests.testSerialization;org.springframework.samples.petclinic.model.BaseEntity.getId
org.springframework.samples.petclinic.vet.VetTests.testSerialization;org.springframework.samples.petclinic.model.BaseEntity.getId
org.springframework.samples.petclinic.service.ClinicServiceTests.shouldFindSingleOwnerWithPet;org.springframework.samples.petclinic.model.Person.getLastName
org.springframework.samples.petclinic.service.ClinicServiceTests.shouldFindSingleOwnerWithPet;org.springframework.samples.petclinic.owner.Owner.getPets
org.springframework.samples.petclinic.service.ClinicServiceTests.shouldFindSingleOwnerWithPet;org.springframework.samples.petclinic.owner.Owner.getPets
org.springframework.samples.petclinic.service.ClinicServiceTests.shouldFindSingleOwnerWithPet;org.springframework.samples.petclinic.owner.Pet.getType
org.springframework.samples.petclinic.service.ClinicServiceTests.shouldFindSingleOwnerWithPet;org.springframework.samples.petclinic.owner.Owner.getPets
org.springframework.samples.petclinic.service.ClinicServiceTests.shouldFindSingleOwnerWithPet;org.springframework.samples.petclinic.owner.Pet.getType
org.springframework.samples.petclinic.service.ClinicServiceTests.shouldFindSingleOwnerWithPet;org.springframework.samples.petclinic.model.NamedEntity.getName
org.springframework.samples.petclinic.service.ClinicServiceTests.shouldInsertOwner;org.springframework.samples.petclinic.owner.Owner.Owner
org.springframework.samples.petclinic.service.ClinicServiceTests.shouldInsertOwner;org.springframework.samples.petclinic.model.Person.setFirstName
org.springframework.samples.petclinic.service.ClinicServiceTests.shouldInsertOwner;org.springframework.samples.petclinic.model.Person.setLastName
org.springframework.samples.petclinic.service.ClinicServiceTests.shouldInsertOwner;org.springframework.samples.petclinic.owner.Owner.setAddress
org.springframework.samples.petclinic.service.ClinicServiceTests.shouldInsertOwner;org.springframework.samples.petclinic.owner.Owner.setCity
org.springframework.samples.petclinic.service.ClinicServiceTests.shouldInsertOwner;org.springframework.samples.petclinic.owner.Owner.setTelephone
org.springframework.samples.petclinic.service.ClinicServiceTests.shouldInsertOwner;org.springframework.samples.petclinic.model.BaseEntity.getId
org.springframework.samples.petclinic.service.ClinicServiceTests.shouldUpdateOwner;org.springframework.samples.petclinic.model.Person.setLastName
org.springframework.samples.petclinic.service.ClinicServiceTests.shouldUpdateOwner;org.springframework.samples.petclinic.model.Person.getLastName
org.springframework.samples.petclinic.service.ClinicServiceTests.shouldFindAllPetTypes;org.springframework.samples.petclinic.model.NamedEntity.getName
org.springframework.samples.petclinic.service.ClinicServiceTests.shouldFindAllPetTypes;org.springframework.samples.petclinic.model.NamedEntity.getName
org.springframework.samples.petclinic.service.ClinicServiceTests.shouldInsertPetIntoDatabaseAndGenerateId;org.springframework.samples.petclinic.owner.Pet.Pet
org.springframework.samples.petclinic.service.ClinicServiceTests.shouldInsertPetIntoDatabaseAndGenerateId;org.springframework.samples.petclinic.model.NamedEntity.setName
org.springframework.samples.petclinic.service.ClinicServiceTests.shouldInsertPetIntoDatabaseAndGenerateId;org.springframework.samples.petclinic.owner.Pet.setType
org.springframework.samples.petclinic.service.ClinicServiceTests.shouldInsertPetIntoDatabaseAndGenerateId;org.springframework.samples.petclinic.owner.Pet.setBirthDate
org.springframework.samples.petclinic.service.ClinicServiceTests.shouldInsertPetIntoDatabaseAndGenerateId;org.springframework.samples.petclinic.owner.Owner.addPet
org.springframework.samples.petclinic.service.ClinicServiceTests.shouldInsertPetIntoDatabaseAndGenerateId;org.springframework.samples.petclinic.owner.Owner.getPets
org.springframework.samples.petclinic.service.ClinicServiceTests.shouldInsertPetIntoDatabaseAndGenerateId;org.springframework.samples.petclinic.owner.Owner.getPets
org.springframework.samples.petclinic.service.ClinicServiceTests.shouldInsertPetIntoDatabaseAndGenerateId;org.springframework.samples.petclinic.owner.Owner.getPet
org.springframework.samples.petclinic.service.ClinicServiceTests.shouldInsertPetIntoDatabaseAndGenerateId;org.springframework.samples.petclinic.model.BaseEntity.getId
org.springframework.samples.petclinic.service.ClinicServiceTests.shouldUpdatePetName;org.springframework.samples.petclinic.model.NamedEntity.setName
org.springframework.samples.petclinic.service.ClinicServiceTests.shouldUpdatePetName;org.springframework.samples.petclinic.owner.Owner.getPet
org.springframework.samples.petclinic.service.ClinicServiceTests.shouldUpdatePetName;org.springframework.samples.petclinic.model.NamedEntity.getName
org.springframework.samples.petclinic.service.ClinicServiceTests.shouldFindVets;org.springframework.samples.petclinic.model.Person.getLastName
org.springframework.samples.petclinic.service.ClinicServiceTests.shouldFindVets;org.springframework.samples.petclinic.vet.Vet.getNrOfSpecialties
org.springframework.samples.petclinic.service.ClinicServiceTests.shouldFindVets;org.springframework.samples.petclinic.vet.Vet.getSpecialties
org.springframework.samples.petclinic.service.ClinicServiceTests.shouldFindVets;org.springframework.samples.petclinic.model.NamedEntity.getName
org.springframework.samples.petclinic.service.ClinicServiceTests.shouldFindVets;org.springframework.samples.petclinic.vet.Vet.getSpecialties
org.springframework.samples.petclinic.service.ClinicServiceTests.shouldFindVets;org.springframework.samples.petclinic.model.NamedEntity.getName
org.springframework.samples.petclinic.service.ClinicServiceTests.shouldAddNewVisitForPet;org.springframework.samples.petclinic.owner.Visit.Visit
org.springframework.samples.petclinic.service.ClinicServiceTests.shouldAddNewVisitForPet;org.springframework.samples.petclinic.owner.Visit.setDescription
org.springframework.samples.petclinic.service.ClinicServiceTests.shouldAddNewVisitForPet;org.springframework.samples.petclinic.model.BaseEntity.getId
org.springframework.samples.petclinic.service.ClinicServiceTests.shouldAddNewVisitForPet;org.springframework.samples.petclinic.owner.Owner.addVisit
org.springframework.samples.petclinic.service.ClinicServiceTests.shouldAddNewVisitForPet;org.springframework.samples.petclinic.owner.Pet.getVisits
org.springframework.samples.petclinic.model.NamedEntity.NamedEntity;org.springframework.samples.petclinic.model.BaseEntity.BaseEntity
org.springframework.samples.petclinic.model.Person.Person;org.springframework.samples.petclinic.model.BaseEntity.BaseEntity
org.springframework.samples.petclinic.owner.PetType.PetType;org.springframework.samples.petclinic.model.NamedEntity.NamedEntity
org.springframework.samples.petclinic.owner.Owner.Owner;org.springframework.samples.petclinic.model.Person.Person
org.springframework.samples.petclinic.owner.Pet.Pet;org.springframework.samples.petclinic.model.NamedEntity.NamedEntity
org.springframework.samples.petclinic.owner.Visit.Visit;org.springframework.samples.petclinic.model.BaseEntity.BaseEntity
org.springframework.samples.petclinic.vet.Specialty.Specialty;org.springframework.samples.petclinic.model.NamedEntity.NamedEntity
org.springframework.samples.petclinic.vet.Vet.Vet;org.springframework.samples.petclinic.model.Person.Person
