Method Name;[1, 1, 1, 1]
MavenWrapperDownloader.main;[1, 1, 1, 1]
MavenWrapperDownloader.downloadFileFromURL;[1, 1, 1, 1]
MavenWrapperDownloader.getPasswordAuthentication;[1, 1, 1, 1]
org.springframework.samples.petclinic.PetClinicIntegrationTests.testFindAll;[1, 1, 1, 1]
org.springframework.samples.petclinic.PetClinicIntegrationTests.testOwnerDetails;[1, 1, 1, 1]
org.springframework.samples.petclinic.vet.VetTests.testSerialization;[1, 1, 1, 1]
org.springframework.samples.petclinic.vet.VetControllerTests.james;[1, 1, 1, 1]
org.springframework.samples.petclinic.vet.VetControllerTests.helen;[1, 1, 1, 1]
org.springframework.samples.petclinic.vet.VetControllerTests.setup;[1, 1, 1, 1]
org.springframework.samples.petclinic.vet.VetControllerTests.testShowVetListHtml;[1, 1, 1, 1]
org.springframework.samples.petclinic.vet.VetControllerTests.testShowResourcesVetList;[1, 1, 1, 1]
org.springframework.samples.petclinic.owner.PetControllerTests.setup;[1, 1, 1, 1]
org.springframework.samples.petclinic.owner.PetControllerTests.testInitCreationForm;[1, 1, 1, 1]
org.springframework.samples.petclinic.owner.PetControllerTests.testProcessCreationFormSuccess;[1, 1, 1, 1]
org.springframework.samples.petclinic.owner.PetControllerTests.testProcessCreationFormHasErrors;[1, 1, 1, 1]
org.springframework.samples.petclinic.owner.PetControllerTests.testInitUpdateForm;[1, 1, 1, 1]
org.springframework.samples.petclinic.owner.PetControllerTests.testProcessUpdateFormSuccess;[1, 1, 1, 1]
org.springframework.samples.petclinic.owner.PetControllerTests.testProcessUpdateFormHasErrors;[1, 1, 1, 1]
org.springframework.samples.petclinic.owner.OwnerControllerTests.george;[1, 1, 1, 1]
org.springframework.samples.petclinic.owner.OwnerControllerTests.setup;[1, 1, 1, 1]
org.springframework.samples.petclinic.owner.OwnerControllerTests.testInitCreationForm;[1, 1, 1, 1]
org.springframework.samples.petclinic.owner.OwnerControllerTests.testProcessCreationFormSuccess;[1, 1, 1, 1]
org.springframework.samples.petclinic.owner.OwnerControllerTests.testProcessCreationFormHasErrors;[1, 1, 1, 1]
org.springframework.samples.petclinic.owner.OwnerControllerTests.testInitFindForm;[1, 1, 1, 1]
org.springframework.samples.petclinic.owner.OwnerControllerTests.testProcessFindFormSuccess;[1, 1, 1, 1]
org.springframework.samples.petclinic.owner.OwnerControllerTests.testProcessFindFormByLastName;[1, 1, 1, 1]
org.springframework.samples.petclinic.owner.OwnerControllerTests.testProcessFindFormNoOwnersFound;[1, 1, 1, 1]
org.springframework.samples.petclinic.owner.OwnerControllerTests.testInitUpdateOwnerForm;[1, 1, 1, 1]
org.springframework.samples.petclinic.owner.OwnerControllerTests.testProcessUpdateOwnerFormSuccess;[1, 1, 1, 1]
org.springframework.samples.petclinic.owner.OwnerControllerTests.testProcessUpdateOwnerFormUnchangedSuccess;[1, 1, 1, 1]
org.springframework.samples.petclinic.owner.OwnerControllerTests.testProcessUpdateOwnerFormHasErrors;[1, 1, 1, 1]
org.springframework.samples.petclinic.owner.OwnerControllerTests.testShowOwner;[1, 1, 1, 1]
org.springframework.samples.petclinic.owner.OwnerControllerTests.matches;[1, 1, 1, 1]
org.springframework.samples.petclinic.owner.OwnerControllerTests.describeTo;[1, 1, 1, 1]
org.springframework.samples.petclinic.owner.VisitControllerTests.init;[1, 1, 1, 1]
org.springframework.samples.petclinic.owner.VisitControllerTests.testInitNewVisitForm;[1, 1, 1, 1]
org.springframework.samples.petclinic.owner.VisitControllerTests.testProcessNewVisitFormSuccess;[1, 1, 1, 1]
org.springframework.samples.petclinic.owner.VisitControllerTests.testProcessNewVisitFormHasErrors;[1, 1, 1, 1]
org.springframework.samples.petclinic.owner.PetTypeFormatterTests.setup;[1, 1, 1, 1]
org.springframework.samples.petclinic.owner.PetTypeFormatterTests.testPrint;[1, 1, 1, 1]
org.springframework.samples.petclinic.owner.PetTypeFormatterTests.shouldParse;[1, 1, 1, 1]
org.springframework.samples.petclinic.owner.PetTypeFormatterTests.shouldThrowParseException;[1, 1, 1, 1]
org.springframework.samples.petclinic.owner.PetTypeFormatterTests.makePetTypes;[1, 1, 1, 1]
org.springframework.samples.petclinic.system.CrashControllerTests.testTriggerException;[1, 1, 1, 1]
org.springframework.samples.petclinic.system.TestConfiguration.testTriggerExceptionJson;[1, 1, 1, 1]
org.springframework.samples.petclinic.system.TestConfiguration.testTriggerExceptionHtml;[1, 1, 1, 1]
org.springframework.samples.petclinic.model.ValidatorTests.createValidator;[1, 1, 1, 1]
org.springframework.samples.petclinic.model.ValidatorTests.shouldNotValidateWhenFirstNameEmpty;[1, 1, 1, 1]
org.springframework.samples.petclinic.service.EntityUtils.getById;[1, 1, 1, 1]
org.springframework.samples.petclinic.service.ClinicServiceTests.shouldFindOwnersByLastName;[1, 1, 1, 1]
org.springframework.samples.petclinic.service.ClinicServiceTests.shouldFindSingleOwnerWithPet;[1, 1, 1, 1]
org.springframework.samples.petclinic.service.ClinicServiceTests.shouldInsertOwner;[1, 1, 1, 1]
org.springframework.samples.petclinic.service.ClinicServiceTests.shouldUpdateOwner;[1, 1, 1, 1]
org.springframework.samples.petclinic.service.ClinicServiceTests.shouldFindAllPetTypes;[1, 1, 1, 1]
org.springframework.samples.petclinic.service.ClinicServiceTests.shouldInsertPetIntoDatabaseAndGenerateId;[1, 1, 1, 1]
org.springframework.samples.petclinic.service.ClinicServiceTests.shouldUpdatePetName;[1, 1, 1, 1]
org.springframework.samples.petclinic.service.ClinicServiceTests.shouldFindVets;[1, 1, 1, 1]
org.springframework.samples.petclinic.service.ClinicServiceTests.shouldAddNewVisitForPet;[1, 1, 1, 1]
org.springframework.samples.petclinic.service.ClinicServiceTests.shouldFindVisitsByPetId;[1, 1, 1, 1]
org.springframework.samples.petclinic.PetClinicRuntimeHints.registerHints;[1, 1, 1, 1]
org.springframework.samples.petclinic.PetClinicApplication.main;[1, 1, 1, 1]
org.springframework.samples.petclinic.vet.Vet.getSpecialtiesInternal;[1, 1, 1, 1]
org.springframework.samples.petclinic.vet.Vet.setSpecialtiesInternal;[1, 1, 1, 1]
org.springframework.samples.petclinic.vet.Vet.getSpecialties;[1, 1, 1, 1]
org.springframework.samples.petclinic.vet.Vet.getNrOfSpecialties;[1, 1, 1, 1]
org.springframework.samples.petclinic.vet.Vet.addSpecialty;[1, 1, 1, 1]
org.springframework.samples.petclinic.vet.VetController.showVetList;[1, 1, 1, 1]
org.springframework.samples.petclinic.vet.VetController.addPaginationModel;[1, 1, 1, 1]
org.springframework.samples.petclinic.vet.VetController.findPaginated;[1, 1, 1, 1]
org.springframework.samples.petclinic.vet.VetController.showResourcesVetList;[1, 1, 1, 1]
org.springframework.samples.petclinic.vet.Vets.getVetList;[1, 1, 1, 1]
org.springframework.samples.petclinic.owner.Pet.setBirthDate;[1, 1, 1, 1]
org.springframework.samples.petclinic.owner.Pet.getBirthDate;[1, 1, 1, 1]
org.springframework.samples.petclinic.owner.Pet.getType;[1, 1, 1, 1]
org.springframework.samples.petclinic.owner.Pet.setType;[1, 1, 1, 1]
org.springframework.samples.petclinic.owner.Pet.getVisits;[1, 1, 1, 1]
org.springframework.samples.petclinic.owner.Pet.addVisit;[1, 1, 1, 1]
org.springframework.samples.petclinic.owner.VisitController.setAllowedFields;[1, 1, 1, 1]
org.springframework.samples.petclinic.owner.VisitController.loadPetWithVisit;[1, 1, 1, 1]
org.springframework.samples.petclinic.owner.VisitController.initNewVisitForm;[1, 1, 1, 1]
org.springframework.samples.petclinic.owner.VisitController.processNewVisitForm;[1, 1, 1, 1]
org.springframework.samples.petclinic.owner.PetTypeFormatter.print;[1, 1, 1, 1]
org.springframework.samples.petclinic.owner.PetTypeFormatter.parse;[1, 1, 1, 1]
org.springframework.samples.petclinic.owner.OwnerController.setAllowedFields;[1, 1, 1, 1]
org.springframework.samples.petclinic.owner.OwnerController.findOwner;[1, 1, 1, 1]
org.springframework.samples.petclinic.owner.OwnerController.initCreationForm;[1, 1, 1, 1]
org.springframework.samples.petclinic.owner.OwnerController.processCreationForm;[1, 1, 1, 1]
org.springframework.samples.petclinic.owner.OwnerController.initFindForm;[1, 1, 1, 1]
org.springframework.samples.petclinic.owner.OwnerController.processFindForm;[1, 1, 1, 1]
org.springframework.samples.petclinic.owner.OwnerController.addPaginationModel;[1, 1, 1, 1]
org.springframework.samples.petclinic.owner.OwnerController.findPaginatedForOwnersLastName;[1, 1, 1, 1]
org.springframework.samples.petclinic.owner.OwnerController.initUpdateOwnerForm;[1, 1, 1, 1]
org.springframework.samples.petclinic.owner.OwnerController.processUpdateOwnerForm;[1, 1, 1, 1]
org.springframework.samples.petclinic.owner.OwnerController.showOwner;[1, 1, 1, 1]
org.springframework.samples.petclinic.owner.PetController.populatePetTypes;[1, 1, 1, 1]
org.springframework.samples.petclinic.owner.PetController.findOwner;[1, 1, 1, 1]
org.springframework.samples.petclinic.owner.PetController.findPet;[1, 1, 1, 1]
org.springframework.samples.petclinic.owner.PetController.initOwnerBinder;[1, 1, 1, 1]
org.springframework.samples.petclinic.owner.PetController.initPetBinder;[1, 1, 1, 1]
org.springframework.samples.petclinic.owner.PetController.initCreationForm;[1, 1, 1, 1]
org.springframework.samples.petclinic.owner.PetController.processCreationForm;[1, 1, 1, 1]
org.springframework.samples.petclinic.owner.PetController.initUpdateForm;[1, 1, 1, 1]
org.springframework.samples.petclinic.owner.PetController.processUpdateForm;[1, 1, 1, 1]
org.springframework.samples.petclinic.owner.PetValidator.validate;[1, 1, 1, 1]
org.springframework.samples.petclinic.owner.PetValidator.supports;[1, 1, 1, 1]
org.springframework.samples.petclinic.owner.Owner.getAddress;[1, 1, 1, 1]
org.springframework.samples.petclinic.owner.Owner.setAddress;[1, 1, 1, 1]
org.springframework.samples.petclinic.owner.Owner.getCity;[1, 1, 1, 1]
org.springframework.samples.petclinic.owner.Owner.setCity;[1, 1, 1, 1]
org.springframework.samples.petclinic.owner.Owner.getTelephone;[1, 1, 1, 1]
org.springframework.samples.petclinic.owner.Owner.setTelephone;[1, 1, 1, 1]
org.springframework.samples.petclinic.owner.Owner.getPets;[1, 1, 1, 1]
org.springframework.samples.petclinic.owner.Owner.addPet;[1, 1, 1, 1]
org.springframework.samples.petclinic.owner.Owner.getPet;[1, 1, 1, 1]
org.springframework.samples.petclinic.owner.Owner.toString;[1, 1, 1, 1]
org.springframework.samples.petclinic.owner.Owner.addVisit;[1, 1, 1, 1]
org.springframework.samples.petclinic.owner.Visit.getDate;[1, 1, 1, 1]
org.springframework.samples.petclinic.owner.Visit.setDate;[1, 1, 1, 1]
org.springframework.samples.petclinic.owner.Visit.getDescription;[1, 1, 1, 1]
org.springframework.samples.petclinic.owner.Visit.setDescription;[1, 1, 1, 1]
org.springframework.samples.petclinic.system.WelcomeController.welcome;[1, 1, 1, 1]
org.springframework.samples.petclinic.system.CacheConfiguration.petclinicCacheConfigurationCustomizer;[1, 1, 1, 1]
org.springframework.samples.petclinic.system.CacheConfiguration.cacheConfiguration;[1, 1, 1, 1]
org.springframework.samples.petclinic.system.CrashController.triggerException;[1, 1, 1, 1]
org.springframework.samples.petclinic.model.BaseEntity.getId;[1, 1, 1, 1]
org.springframework.samples.petclinic.model.BaseEntity.setId;[1, 1, 1, 1]
org.springframework.samples.petclinic.model.BaseEntity.isNew;[1, 1, 1, 1]
org.springframework.samples.petclinic.model.Person.getFirstName;[1, 1, 1, 1]
org.springframework.samples.petclinic.model.Person.setFirstName;[1, 1, 1, 1]
org.springframework.samples.petclinic.model.Person.getLastName;[1, 1, 1, 1]
org.springframework.samples.petclinic.model.Person.setLastName;[1, 1, 1, 1]
org.springframework.samples.petclinic.model.NamedEntity.getName;[1, 1, 1, 1]
org.springframework.samples.petclinic.model.NamedEntity.setName;[1, 1, 1, 1]
org.springframework.samples.petclinic.model.NamedEntity.toString;[1, 1, 1, 1]
org.springframework.samples.petclinic.model.BaseEntity.BaseEntity;[1, 1, 1, 1]
org.springframework.samples.petclinic.owner.Pet.Pet;[1, 1, 1, 1]
org.springframework.samples.petclinic.owner.Visit.Visit;[1, 1, 1, 1]
org.springframework.samples.petclinic.model.Person.Person;[1, 1, 1, 1]
org.springframework.samples.petclinic.vet.Specialty.Specialty;[1, 1, 1, 1]
org.springframework.samples.petclinic.vet.Vet.Vet;[1, 1, 1, 1]
org.springframework.samples.petclinic.model.NamedEntity.NamedEntity;[1, 1, 1, 1]
org.springframework.samples.petclinic.owner.PetType.PetType;[1, 1, 1, 1]
org.springframework.samples.petclinic.owner.Owner.Owner;[1, 1, 1, 1]
